eventID,volume,particle,energy_MeV,theta_deg,phi_deg
36,Collimator,gamma,0.298031,17.4516,51.9878
36,Collimator,gamma,1.07394,13.0986,1.16746
36,Collimator,gamma,220.44,3.36098,-131.996
36,Collimator,gamma,0.510999,38.351,29.975
36,Collimator,gamma,0.31798,74.7457,1.02936
36,Collimator,gamma,0.510999,57.9013,-0.334032
36,Collimator,gamma,0.7418,45.0735,115.706
36,Phantom,gamma,0.412184,18.588,30.5256
36,Phantom,gamma,0.709904,14.4009,36.9404
36,DWC1,gamma,0.709904,14.4009,36.9404
36,Collimator,gamma,0.429861,33.4652,56.342
36,Phantom,gamma,0.376766,16.3171,-21.7926
36,Phantom,gamma,1.72893,12.2033,3.3992
36,Collimator,gamma,0.561208,65.2203,8.83631
36,Phantom,gamma,0.741132,7.56543,99.5352
36,Scint1,gamma,0.741132,7.56543,99.5352
36,DWC1,gamma,0.741132,7.56543,99.5352
36,DWC2,gamma,0.741132,7.56543,99.5352
36,Phantom,gamma,2.47233,8.30471,84.7094
36,Scint1,gamma,2.47233,8.30471,84.7094
36,DWC1,gamma,2.47233,8.30471,84.7094
36,Phantom,gamma,2.66578,9.67376,74.677
36,DWC1,gamma,2.66578,9.67376,74.677
36,Phantom,gamma,5.20408,13.0924,64.5787
36,Phantom,gamma,0.882778,8.10643,103.957
36,Phantom,gamma,3.09599,1.24225,-106.193
36,Scint1,gamma,3.09599,1.24225,-106.193
36,DWC1,gamma,3.09599,1.24225,-106.193
36,DWC2,gamma,3.09599,1.24225,-106.193
36,Scint2,gamma,3.09599,1.24225,-106.193
36,Phantom,gamma,0.478206,0.208929,-2.03667
36,Scint1,gamma,0.478206,0.208929,-2.03667
36,DWC1,gamma,0.478206,0.208929,-2.03667
36,DWC2,gamma,0.478206,0.208929,-2.03667
36,Scint2,gamma,0.478206,0.208929,-2.03667
36,Collimator,gamma,19.836,9.11487,-57.2584
36,Collimator,gamma,1.28586,15.9424,-15.8309
36,Collimator,gamma,1.04717,10.5296,-14.6228
36,Collimator,gamma,76.5492,6.69471,-59.3803
36,Collimator,gamma,0.578471,5.68542,-59.7183
36,Collimator,gamma,6.06073,4.99921,-147.266
36,Phantom,gamma,6.06073,4.99921,-147.266
36,Scint1,gamma,3.61182,15.1598,67.6111
36,DWC1,gamma,3.61182,15.1598,67.6111
36,Phantom,gamma,12.0837,1.14078,160.148
36,Scint1,gamma,12.0837,1.14078,160.148
36,DWC1,gamma,12.0837,1.14078,160.148
36,DWC2,gamma,12.0837,1.14078,160.148
36,Scint2,gamma,12.0837,1.14078,160.148
36,Phantom,gamma,0.812677,1.20836,-16.311
36,Scint1,gamma,0.812677,1.20836,-16.311
36,DWC1,gamma,0.812677,1.20836,-16.311
36,DWC2,gamma,0.812677,1.20836,-16.311
36,Scint2,gamma,0.812677,1.20836,-16.311
36,Phantom,gamma,0.542852,0.57032,-8.2966
36,Scint1,gamma,0.542852,0.57032,-8.2966
36,DWC1,gamma,0.542852,0.57032,-8.2966
36,DWC2,gamma,0.542852,0.57032,-8.2966
36,Scint2,gamma,0.542852,0.57032,-8.2966
36,Phantom,gamma,1.33981,0.934706,-2.74196
36,Scint1,gamma,1.33981,0.934706,-2.74196
36,DWC1,gamma,1.33981,0.934706,-2.74196
36,DWC2,gamma,1.33981,0.934706,-2.74196
36,Scint2,gamma,1.33981,0.934706,-2.74196
36,Collimator,gamma,1.37708,26.0252,109.489
36,Collimator,gamma,0.512558,79.8376,98.9033
36,Collimator,gamma,0.510999,82.1075,-124.815
36,Collimator,gamma,0.224664,66.7889,-13.6543
36,Collimator,gamma,1.22037,77.8277,121.402
36,Collimator,gamma,0.429989,13.0604,74.7175
36,Collimator,gamma,12.7755,12.9754,6.64921
36,Collimator,gamma,4.16356,11.2601,-18.6318
36,Collimator,gamma,5.02721,11.2824,120.795
36,Collimator,gamma,0.0061604,3.85661,-44.9049
36,Collimator,gamma,4.02357,15.2303,24.8241
36,Collimator,gamma,1.89207,11.8028,41.2409
36,Collimator,gamma,5.28865,3.21774,-179.41
36,Phantom,gamma,5.28865,3.21774,-179.41
36,Scint1,gamma,5.28865,3.21774,-179.41
36,DWC1,gamma,5.28865,3.21774,-179.41
36,DWC2,gamma,5.28865,3.21774,-179.41
36,Collimator,gamma,1.80192,17.5556,-17.5746
36,Collimator,gamma,11.5448,6.33072,-48.8931
36,Collimator,gamma,14.5518,14.7384,-48.6738
36,Collimator,gamma,2.57454,5.34386,-79.6613
36,Collimator,gamma,0.328038,11.5265,-82.7075
36,Collimator,gamma,2.29436,17.4567,-87.4594
36,Collimator,gamma,4.05519,15.5153,78.8014
36,Collimator,gamma,0.960778,8.91259,-24.6389
36,Collimator,gamma,0.909039,13.2858,-23.8063
36,Collimator,gamma,0.736099,8.91207,-179.787
36,Phantom,gamma,73.9835,0.338861,-42.2175
36,Scint1,gamma,73.9835,0.338861,-42.2175
36,DWC1,gamma,73.9835,0.338861,-42.2175
36,DWC2,gamma,73.9835,0.338861,-42.2175
36,Scint2,gamma,73.9835,0.338861,-42.2175
36,Collimator,gamma,13.6307,10.2403,-7.11752
37,Collimator,gamma,23.246,15.9377,-105.419
37,Collimator,gamma,1.20852,5.17926,-154.133
37,Phantom,gamma,0.928637,0.717005,153.271
37,Collimator,gamma,1.60893,14.004,37.5851
37,Collimator,gamma,0.203946,23.552,50.6001
37,Collimator,gamma,0.766397,3.43131,-53.2275
37,Scint1,gamma,0.261016,1.18247,15.3881
37,DWC1,gamma,0.261016,1.18247,15.3881
37,DWC2,gamma,0.261016,1.18247,15.3881
37,Scint2,gamma,0.261016,1.18247,15.3881
37,Phantom,gamma,7.1994,2.08638,20.3497
37,Scint1,gamma,7.1994,2.08638,20.3497
37,DWC1,gamma,7.1994,2.08638,20.3497
37,DWC2,gamma,7.1994,2.08638,20.3497
37,Scint2,gamma,7.1994,2.08638,20.3497
37,Phantom,gamma,0.749189,1.84019,108.37
37,Scint1,gamma,0.749189,1.84019,108.37
37,DWC1,gamma,0.749189,1.84019,108.37
37,DWC2,gamma,0.749189,1.84019,108.37
37,Scint2,gamma,0.749189,1.84019,108.37
37,Collimator,gamma,0.70171,3.22447,53.7339
37,Collimator,gamma,0.319615,4.49081,38.3333
37,Collimator,gamma,16.6144,4.55685,39.3055
37,Collimator,gamma,0.722359,102.674,-131.788
37,Phantom,gamma,1.5968,19.7244,145.154
37,Collimator,gamma,9.35556,4.48056,16.1711
37,Cherenkov,gamma,0.393425,156.292,14.9206
37,Collimator,gamma,0.982088,8.08612,-77.976
37,Collimator,gamma,0.313776,18.7263,-111.697
37,Phantom,gamma,442.939,0.741427,59.4796
37,Scint1,gamma,442.939,0.741427,59.4796
37,DWC1,gamma,442.939,0.741427,59.4796
37,DWC2,gamma,442.939,0.741427,59.4796
37,Scint2,gamma,442.939,0.741427,59.4796
37,Phantom,gamma,3.93106,0.928259,33.2945
37,Scint1,gamma,3.93106,0.928259,33.2945
37,DWC1,gamma,3.93106,0.928259,33.2945
37,DWC2,gamma,3.93106,0.928259,33.2945
37,Scint2,gamma,3.93106,0.928259,33.2945
37,Phantom,gamma,3.15393,0.927305,28.1147
37,Scint1,gamma,3.15393,0.927305,28.1147
37,DWC1,gamma,3.15393,0.927305,28.1147
37,DWC2,gamma,3.15393,0.927305,28.1147
37,Scint2,gamma,3.15393,0.927305,28.1147
37,Collimator,gamma,6.04327,7.25386,-45.2553
37,Cherenkov,gamma,0.510999,169.972,133.39
37,Collimator,gamma,1.26075,19.0266,-83.766
37,Collimator,gamma,18.896,4.75181,147.453
37,Collimator,gamma,9.23738,64.3275,-34.6822
37,Collimator,gamma,1.31386,15.9129,33.5539
37,Collimator,gamma,20.9119,3.72909,83.9441
37,Collimator,gamma,9.37262,11.4153,-111.954
37,Collimator,gamma,0.81826,7.58333,101.146
37,Collimator,gamma,10.5343,14.6292,8.06568
37,Collimator,gamma,9.59718,2.54579,38.536
37,Phantom,gamma,9.59718,2.54579,38.536
37,Scint1,gamma,9.59718,2.54579,38.536
37,DWC1,gamma,9.59718,2.54579,38.536
37,DWC2,gamma,9.59718,2.54579,38.536
37,Scint2,gamma,9.59718,2.54579,38.536
38,Collimator,gamma,1.27193,16.1275,-30.6682
38,Collimator,gamma,0.594803,10.8473,-44.0566
38,Collimator,gamma,13.0374,11.2737,-54.9692
38,Collimator,gamma,3.26214,12.0198,-49.426
38,Collimator,gamma,44.7052,4.00045,129.758
38,Collimator,gamma,0.521871,107.166,-28.4676
38,Collimator,gamma,0.510999,98.4178,-93.3269
38,Phantom,gamma,8.07347,13.1337,-83.6843
38,Phantom,gamma,2.50239,0.805345,0.0477116
38,Scint1,gamma,2.50239,0.805345,0.0477116
38,DWC1,gamma,2.50239,0.805345,0.0477116
38,DWC2,gamma,2.50239,0.805345,0.0477116
38,Scint2,gamma,2.50239,0.805345,0.0477116
38,Collimator,gamma,38.8413,3.79742,161.709
38,Collimator,gamma,0.510999,83.3896,-64.6468
38,Phantom,gamma,3.78725,0.788673,167.625
38,Scint1,gamma,3.78725,0.788673,167.625
38,DWC1,gamma,3.78725,0.788673,167.625
38,DWC2,gamma,3.78725,0.788673,167.625
38,Scint2,gamma,3.78725,0.788673,167.625
38,Collimator,gamma,2.81155,9.38024,32.7254
38,Collimator,gamma,1.82106,10.0858,21.5042
38,Collimator,gamma,2.71363,9.08619,-137.788
38,Phantom,gamma,2.71363,9.08619,-137.788
38,DWC1,gamma,2.71363,9.08619,-137.788
38,Phantom,gamma,0.854235,1.74247,-145.327
38,Scint1,gamma,0.854235,1.74247,-145.327
38,DWC1,gamma,0.854235,1.74247,-145.327
38,DWC2,gamma,0.854235,1.74247,-145.327
38,Scint2,gamma,0.854235,1.74247,-145.327
38,Phantom,gamma,137.638,1.81003,-127.595
38,Scint1,gamma,137.638,1.81003,-127.595
38,DWC1,gamma,137.638,1.81003,-127.595
38,DWC2,gamma,137.638,1.81003,-127.595
38,Scint2,gamma,137.638,1.81003,-127.595
38,Cherenkov,gamma,0.387465,161.464,10.5007
38,Phantom,gamm,1.78064,-65.2782
94,DWC1,gamma,7.76251,1.78064,-65.2782
94,DWC2,gamma,7.76251,1.78064,-65.2782
94,Scint2,gamma,7.76251,1.78064,-65.2782
94,Collimator,gamma,17.6928,3.3558,64.0866
94,Collimator,gamma,0.488718,16.9972,-164.994
94,Collimator,gamma,2.82066,9.26575,5.80287
94,Collimator,gamma,1.14295,7.483,-6.57663
94,Collimator,gamma,4.62625,6.22146,8.4045
94,Phantom,gamma,18.4067,2.22062,-110.015
94,Scint1,gamma,18.4067,2.22062,-110.015
94,DWC1,gamma,18.4067,2.22062,-110.015
94,DWC2,gamma,18.4067,2.22062,-110.015
94,Scint2,gamma,18.4067,2.22062,-110.015
94,Collimator,gamma,0.448734,12.6728,19.42
94,Collimator,gamma,1.20234,7.59727,9.86262
94,Collimator,gamma,30.2298,3.8563,-4.70835
94,Collimator,gamma,0.510999,10.9275,120.461
94,Collimator,gamma,5.62966,3.77195,-4.12847
94,Collimator,gamma,2.65898,3.9418,10.378
94,Collimator,gamma,0.583847,76.2089,-171.666
94,Collimator,gamma,6.13571,4.30566,-3.54269
94,Collimator,gamma,29.2342,12.6058,-72.1042
94,Phantom,gamma,1.90046,2.30516,-43.1144
94,Scint1,gamma,1.90046,2.30516,-43.1144
94,DWC1,gamma,1.90046,2.30516,-43.1144
94,DWC2,gamma,1.90046,2.30516,-43.1144
94,Scint2,gamma,1.90046,2.30516,-43.1144
94,Phantom,gamma,1.00483,1.38762,-57.2946
94,Scint1,gamma,1.00483,1.38762,-57.2946
94,DWC1,gamma,1.00483,1.38762,-57.2946
94,DWC2,gamma,1.00483,1.38762,-57.2946
94,Scint2,gamma,1.00483,1.38762,-57.2946
94,Phantom,gamma,6.40303,1.03736,94.6032
94,Scint1,gamma,6.40303,1.03736,94.6032
94,DWC1,gamma,6.40303,1.03736,94.6032
94,DWC2,gamma,6.40303,1.03736,94.6032
94,Scint2,gamma,6.40303,1.03736,94.6032
94,Phantom,gamma,7.45678,1.50586,123.246
94,Scint1,gamma,7.45678,1.50586,123.246
94,DWC1,gamma,7.45678,1.50586,123.246
94,DWC2,gamma,7.45678,1.50586,123.246
94,Scint2,gamma,7.45678,1.50586,123.246
94,Collimator,gamma,3.13852,22.1588,-137.526
94,Phantom,gamma,1.84135,1.45186,81.9858
94,Scint1,gamma,1.84135,1.45186,81.9858
94,DWC1,gamma,1.84135,1.45186,81.9858
94,DWC2,gamma,1.84135,1.45186,81.9858
94,Scint2,gamma,1.84135,1.45186,81.9858
94,Phantom,gamma,3.64276,0.663844,55.0787
94,Scint1,gamma,3.64276,0.663844,55.0787
94,DWC1,gamma,3.64276,0.663844,55.0787
94,DWC2,gamma,3.64276,0.663844,55.0787
94,Scint2,gamma,3.64276,0.663844,55.0787
94,Collimator,gamma,1.57685,15.585,-78.311
94,Collimator,gamma,1.73808,16.6488,-131.193
94,Collimator,gamma,0.869604,15.1805,-140.133
94,Collimator,gamma,2.79249,8.11661,-92.6952
94,Phantom,gamma,2.23485,11.9011,147.747
94,DWC1,gamma,2.23485,11.9011,147.747
94,Collimator,gamma,1.27889,10.1342,-95.7597
94,Collimator,gamma,3.52515,10.0614,89.523
94,Collimator,gamma,0.978352,9.03824,97.6266
94,Collimator,gamma,7.55241,9.2293,40.5594
94,Collimator,gamma,1.02366,7.59962,58.7046
94,Collimator,gamma,12.2314,6.23559,66.8544
94,Scint1,gamma,0.431438,13.4107,79.8399
94,DWC1,gamma,0.431438,13.4107,79.8399
94,Cherenkov,gamma,6.23257,161.841,172.154
94,Collimator,gamma,0.289145,11.9804,15.9373
94,Phantom,gamma,2.70155,2.07669,21.7885
94,Scint1,gamma,2.70155,2.07669,21.7885
94,DWC1,gamma,2.70155,2.07669,21.7885
94,DWC2,gamma,2.70155,2.07669,21.7885
94,Scint2,gamma,2.70155,2.07669,21.7885
94,Collimator,gamma,10.2142,5.41084,-85.1413
95,Phantom,gamma,5.44155,16.477,43.8405
95,Collimator,gamma,2.48126,8.01113,77.259
95,Collimator,gamma,31.3681,3.99553,99.6555
95,Collimator,gamma,1.79176,88.0973,-139.053
95,Phantom,gamma,1.07709,1.58051,44.3498
95,Scint1,gamma,1.07709,1.58051,44.3498
95,DWC1,gamma,1.07709,1.58051,44.3498
95,DWC2,gamma,1.07709,1.58051,44.3498
95,Scint2,gamma,1.07709,1.58051,44.3498
95,Phantom,gamma,3.14477,1.86159,45.9532
95,Scint1,gamma,3.14477,1.86159,45.9532
95,DWC1,gamma,3.14477,1.86159,45.9532
95,DWC2,gamma,3.14477,1.86159,45.9532
95,Scint2,gamma,3.14477,1.86159,45.9532
95,Phantom,gamma,9.07472,1.58313,177.819
95,Scint1,gamma,9.07472,1.58313,177.819
95,DWC1,gamma,9.07472,1.58313,177.819
95,DWC2,gamma,9.07472,1.58313,177.819
95,Scint2,gamma,9.07472,1.58313,177.819
95,Scint1,gamma,2.89399,9.43653,78.4877
95,DWC1,gamma,2.89399,9.43653,78.4877
95,Collimator,gamma,67.5982,3.77395,122.571
95,Collimator,gamma,0.504238,105.071,-44.6619
95,Phantom,gamma,24.6918,5.10741,174.981
95,Scint1,gamma,24.6918,5.10741,174.981
95,DWC1,gamma,24.6918,5.10741,174.981
95,DWC2,gamma,24.6918,5.10741,174.981
95,Phantom,gamma,5.84722,14.2156,160.929
95,Phantom,gamma,2.54348,0.347796,-10.4045
95,Scint1,gamma,2.54348,0.347796,-10.4045
95,DWC1,gamma,2.54348,0.347796,-10.4045
95,DWC2,gamma,2.54348,0.347796,-10.4045
95,Scint2,gamma,2.54348,0.347796,-10.4045
95,Collimator,gamma,1.33018,5.36197,77.5068
95,Phantom,gamma,0.459448,24.2931,101.765
95,Collimator,gamma,3.29507,6.02305,-102.205
95,Collimator,gamma,0.711368,10.696,-134.292
95,Phantom,gamma,33.2747,2.01911,-37.6514
95,Scint1,gamma,33.2747,2.01911,-37.6514
95,DWC1,gamma,33.2747,2.01911,-37.6514
95,DWC2,gamma,33.2747,2.01911,-37.6514
95,Scint2,gamma,33.2747,2.01911,-37.6514
95,Collimator,gamma,6.18803,2.71415,-74.811
95,Collimator,gamma,0.211642,88.0509,136.601
95,Collimator,gamma,0.44883,98.6461,106.011
95,Collimator,gamma,1.36201,4.39976,131.116
95,Phantom,gamma,107.988,0.939648,-82.0714
95,Scint1,gamma,107.988,0.939648,-82.0714
95,DWC1,gamma,107.988,0.939648,-82.0714
95,DWC2,gamma,107.988,0.939648,-82.0714
95,Scint2,gamma,107.988,0.939648,-82.0714
95,Phantom,gamma,0.613456,0.710299,40.4604
95,Scint1,gamma,0.613456,0.710299,40.4604
95,DWC1,gamma,0.613456,0.710299,40.4604
95,DWC2,gamma,0.613456,0.710299,40.4604
95,Scint2,gamma,0.613456,0.710299,40.4604
95,Cherenkov,gamma,0.804397,170.356,-72.365
95,Collimator,gamma,2.37328,18.0026,9.55091
95,Collimator,gamma,1.87712,17.3206,14.5165
95,Collimator,gamma,0.311178,96.951,126.834
95,Collimator,gamma,0.344866,97.725,103.744
95,Collimator,gamma,0.517459,3.92715,-1.00486
95,Phantom,gamma,1.65648,2.16351,-32.1891
95,Scint1,gamma,1.65648,2.16351,-32.1891
95,DWC1,gamma,1.65648,2.16351,-32.1891
95,DWC2,gamma,1.65648,2.16351,-32.1891
95,Scint2,gamma,1.65648,2.16351,-32.1891
95,Collimator,gamma,1.31467,17.1596,-112.079
95,Collimator,gamma,1.02443,16.6904,23.8424
95,BremsTarget,gamma,0.140227,126.929,-29.128
95,Collimator,gamma,0.436121,13.9848,168.272
95,Collimator,gamma,0.358823,11.4673,-178.735
95,Collimator,gamma,4.09852,11.0113,156.684
95,Collimator,gamma,27.1593,3.09698,-8.06113
95,Collimator,gamma,0.510999,71.8679,154.991
95,Collimator,gamma,0.235215,24.0445,43.7371
95,Collimator,gamma,4.28381,17.0432,44.1711
95,Collimator,gamma,8.46566,13.792,38.0096
95,Phantom,gamma,0.510999,12.1056,-72.1862
95,Collimator,gamma,0.83524,78.3251,-23.2382
95,Phantom,gamma,3.04946,13.4237,-132.81
95,DWC1,gamma,3.04946,13.4237,-132.81
95,Phantom,gamma,23.4025,9.87609,-76.5679
95,DWC1,gamma,23.4025,9.87609,-76.5679
95,Phantom,gamma,14.7118,2.03205,156.299
95,Scint1,gamma,14.7118,2.03205,156.299
95,DWC1,gamma,14.7118,2.03205,156.299
95,DWC2,gamma,14.7118,2.03205,156.299
95,Scint2,gamma,14.7118,2.03205,156.299
95,Phantom,gamma,0.845078,2.35185,-167.746
95,Scint1,gamma,0.845078,2.35185,-167.746
95,Phantom,gamma,6.54143,1.3929,7.05983
95,Scint1,gamma,6.54143,1.3929,7.05983
95,DWC1,gamma,6.54143,1.3929,7.05983
95,DWC2,gamma,6.54143,1.3929,7.05983
95,Scint2,gamma,6.54143,1.3929,7.05983
95,Phantom,gamma,0.280334,1.12234,-54.8836
95,Scint1,gamma,0.280334,1.12234,-54.8836
95,DWC1,gamma,0.280334,1.12234,-54.8836
95,DWC2,gamma,0.280334,1.12234,-54.8836
95,Scint2,gamma,0.280334,1.12234,-54.8836
95,Phantom,gamma,5.35532,0.0641921,87.4116
95,Scint1,gamma,5.35532,0.0641921,87.4116
95,DWC1,gamma,5.35532,0.0641921,87.4116
95,DWC2,gamma,5.35532,0.0641921,87.4116
95,Scint2,gamma,5.35532,0.0641921,87.4116
1,gamma,6.18246,0.245327,-138.464
83,DWC1,gamma,6.18246,0.245327,-138.464
83,DWC2,gamma,6.18246,0.245327,-138.464
83,Scint2,gamma,6.18246,0.245327,-138.464
,6.74028,-129.324
97,Phantom,gamma,142.576,1.77124,-115.032
97,Scint1,gamma,142.576,1.77124,-115.032
97,DWC1,gamma,142.576,1.77124,-115.032
97,DWC2,gamma,142.576,1.77124,-115.032
97,Scint2,gamma,142.576,1.77124,-115.032
97,Phantom,gamma,40.5395,1.88743,-132.336
97,Scint1,gamma,40.5395,1.88743,-132.336
97,DWC1,gamma,40.5395,1.88743,-132.336
97,DWC2,gamma,40.5395,1.88743,-132.336
97,Scint2,gamma,40.5395,1.88743,-132.336
97,Phantom,gamma,0.129306,2.07527,-123.242
97,Scint1,gamma,0.129306,2.07527,-123.2Collimator,gamma,1.88621,13.0079,165.722
7,Collimator,gamma,15.3732,5.32378,163.643
7,Collimator,gamma,2.58943,10.0614,-132.376
7,Collimator,gamma,1.79924,6.20383,72.6819
-92.7658
75,Scint2,gamma,13.936,0.327583,-92.7658
,267.955,2.11389,-109.438
97,DWC2,gamma,267.955,2.11389,-109.438
97,Scint2,gamma,267.955,2.11389,-109.438
97,Phantom,gamma,27.9821,1.81905,-104.722
97,Scint1,gamma,27.9821,1.81905,-104.722
97,DWC1,gamma,27.9821,1.81905,-104.722
97,DWC2,gamma,27.9821,1.81905,-104.722
97,Scint2,gamma,27.9821,1.81905,-104.722
97,Phantom,gamma,2.66303,1.30198,-60.4
97,Scint1,gamma,2.66303,1.30198,-60.4
97,DWC1,gamma,2.66303,1.30198,-60.4
97,DWC2,gamma,2.66303,1.30198,-60.4
97,Scint2,gamma,2.66303,1.30198,-60.4
97,Phantom,gamma,78.0562,1.17707,-38.6138
97,Scint1,gamma,78.0562,1.17707,-38.6138
97,DWC1,gamma,78.0562,1.17707,-38.6138
97,DWC2,gamma,78.0562,1.17707,-38.6138
97,Scint2,gamma,78.0562,1.17707,-38.6138
97,Collimator,gamma,0.615533,74.0938,-159.113
97,Phantom,gamma,0.226561,8.77731,4.69721
97,Collimator,gamma,0.62111,30.975,83.2904
97,Collimator,gamma,6.03119,3.73985,-112.648
97,Phantom,gamma,0.508377,0.921587,-38.6754
97,Collimator,gamma,4.20848,6.60598,47.8604
97,Phantom,gamma,9.73287,1.10241,-27.7311
97,Scint1,gamma,9.73287,1.10241,-27.7311
97,DWC1,gamma,9.73287,1.10241,-27.7311
97,DWC2,gamma,9.73287,1.10241,-27.7311
97,Scint2,gamma,9.73287,1.10241,-27.7311
97,Phantom,gamma,3.46738,1.25016,-31.8873
97,Scint1,gamma,3.46738,1.25016,-31.8873
97,DWC1,gamma,3.46738,1.25016,-31.8873
97,DWC2,gamma,3.46738,1.25016,-31.8873
97,Scint2,gamma,3.46738,1.25016,-31.8873
97,Phantom,gamma,2.28344,1.0608,-18.8056
97,Scint1,gamma,2.28344,1.0608,-18.8056
97,DWC1,gamma,2.28344,1.0608,-18.8056
97,DWC2,gamma,2.28344,1.0608,-18.8056
97,Scint2,gamma,2.28344,1.0608,-18.8056
97,Phantom,gamma,1.04319,0.952198,-19.8171
97,Scint1,gamma,1.04319,0.952198,-19.8171
97,DWC1,gamma,1.04319,0.952198,-19.8171
97,DWC2,gamma,1.04319,0.952198,-19.8171
97,Scint2,gamma,1.04319,0.952198,-19.8171
97,Phantom,gamma,14.0576,0.668121,-16.6779
97,Scint1,gamma,14.0576,0.668121,-16.6779
97,DWC1,gamma,14.0576,0.668121,-16.6779
97,DWC2,gamma,14.0576,0.668121,-16.6779
97,Scint2,gamma,14.0576,0.668121,-16.6779
97,Phantom,gamma,29.3597,0.69095,-42.0179
97,Scint1,gamma,29.3597,0.69095,-42.0179
97,DWC1,gamma,29.3597,0.69095,-42.0179
97,DWC2,gamma,29.3597,0.69095,-42.0179
97,Scint2,gamma,29.3597,0.69095,-42.0179
97,Collimator,gamma,2.1886,5.47808,-135.978
98,Collimator,gamma,18.4198,8.75322,-96.366
98,Phantom,gamma,1.70019,10.0917,-35.9469
98,DWC1,gamma,1.70019,10.0917,-35.9469
98,Collimator,gamma,0.451286,6.81826,-155.821
98,Collimator,gamma,88.2857,3.23069,-154.878
98,Collimator,gamma,5.7394,14.1552,87.2346
98,Phantom,gamma,5.7394,14.1552,87.2346
98,Phantom,gamma,1.1241,1.77523,-85.1197
98,Scint1,gamma,1.1241,1.77523,-85.1197
98,DWC1,gamma,1.1241,1.77523,-85.1197
98,DWC2,gamma,1.1241,1.77523,-85.1197
98,Scint2,gamma,1.1241,1.77523,-85.1197
98,Cherenkov,gamma,0.510999,149.178,153.518
98,Collimator,gamma,2.67707,23.5908,-129.185
98,Collimator,gamma,14.6931,16.9259,-118.485
98,Collimator,gamma,15.6529,14.2323,-145.274
98,Collimator,gamma,2.36447,56.0001,111.147
98,Phantom,gamma,32.8048,2.47016,-57.0147
98,Scint1,gamma,32.8048,2.47016,-57.0147
98,DWC1,gamma,32.8048,2.47016,-57.0147
98,DWC2,gamma,32.8048,2.47016,-57.0147
98,Scint2,gamma,32.8048,2.47016,-57.0147
98,Phantom,gamma,6.29546,1.01038,146.991
98,Scint1,gamma,6.29546,1.01038,146.991
98,DWC1,gamma,6.29546,1.01038,146.991
98,DWC2,gamma,6.29546,1.01038,146.991
98,Scint2,gamma,6.29546,1.01038,146.991
98,Collimator,gamma,15.5573,4.18596,160.769
98,Collimator,gamma,3.54004,3.29828,-81.582
98,Phantom,gamma,270.311,2.15103,-103.1
98,Scint1,gamma,270.311,2.15103,-103.1
98,DWC1,gamma,270.311,2.15103,-103.1
98,DWC2,gamma,270.311,2.15103,-103.1
98,Scint2,gamma,270.311,2.15103,-103.1
98,Phantom,gamma,0.446015,2.29236,-71.1446
98,Scint1,gamma,0.446015,2.29236,-71.1446
98,DWC1,gamma,0.446015,2.29236,-71.1446
98,DWC2,gamma,0.446015,2.29236,-71.1446
98,Phantom,gamma,9.12473,0.438851,-33.7861
98,Scint1,gamma,9.12473,0.438851,-33.7861
98,DWC1,gamma,9.12473,0.438851,-33.7861
98,DWC2,gamma,9.12473,0.438851,-33.7861
98,Scint2,gamma,9.12473,0.438851,-33.7861
98,Phantom,gamma,177.241,0.268919,-111.67
98,Scint1,gamma,177.241,0.268919,-111.67
98,DWC1,gamma,177.241,0.268919,-111.67
98,DWC2,gamma,177.241,0.268919,-111.67
98,Scint2,gamma,177.241,0.268919,-111.67
98,Phantom,gamma,35.243,1.01952,-29.1299
98,Scint1,gamma,35.243,1.01952,-29.1299
98,DWC1,gamma,35.243,1.01952,-29.1299
98,DWC2,gamma,35.243,1.01952,-29.1299
98,Scint2,gamma,35.243,1.01952,-29.1299
98,Phantom,gamma,12.8304,0.789877,-32.4512
98,Scint1,gamma,6.28001,16.7593,42.6149
98,DWC1,gamma,6.28001,16.7593,42.6149
98,Phantom,gamma,2.39196,0.969982,-52.9384
98,Scint1,gamma,2.39196,0.969982,-52.9384
98,DWC1,gamma,2.39196,0.969982,-52.9384
98,DWC2,gamma,2.39196,0.969982,-52.9384
98,Scint2,gamma,2.39196,0.969982,-52.9384
98,Phantom,gamma,29.3785,0.785812,-62.4728
98,Phantom,gamma,2.98158,0.193177,-75.575
98,Scint1,gamma,2.98158,0.193177,-75.575
98,DWC1,gamma,2.98158,0.193177,-75.575
98,DWC2,gamma,2.98158,0.193177,-75.575
98,Scint2,gamma,2.98158,0.193177,-75.575
99,Collimator,gamma,0.59096,15.9387,-122.515
99,Collimator,gamma,3.81711,9.40077,7.63234
99,Collimator,gamma,0.239159,17.3963,-141.975
99,Collimator,gamma,21.312,10.6057,-8.21886
99,Phantom,gamma,0.618859,21.969,-146.186
99,Collimator,gamma,14.1579,3.58322,-11.566
99,Collimator,gamma,0.510999,99.5171,153.784
99,Collimator,gamma,0.989604,101.077,-163.902
99,Phantom,gamma,1.29258,18.0105,157.208
99,Collimator,gamma,8.54552,3.79707,-17.5316
99,Phantom,gamma,2.73719,0.991652,-5.32707
99,Scint1,gamma,2.73719,0.991652,-5.32707
99,DWC1,gamma,2.73719,0.991652,-5.32707
99,DWC2,gamma,2.73719,0.991652,-5.32707
99,Scint2,gamma,2.73719,0.991652,-5.32707
99,Phantom,gamma,19.6247,2.21553,61.0266
99,Scint1,gamma,19.6247,2.21553,61.0266
99,DWC1,gamma,19.6247,2.21553,61.0266
99,DWC2,gamma,19.6247,2.21553,61.0266
99,Scint2,gamma,19.6247,2.21553,61.0266
99,Collimator,gamma,0.510999,93.0904,172.926
99,Collimator,gamma,2.69267,78.807,102.939
99,Collimator,gamma,0.510999,127.542,163.35
99,Collimator,gamma,0.510999,98.1454,115.395
99,Collimator,gamma,1.47431,60.5552,100.237
99,Collimator,gamma,1.03576,42.5711,101.26
99,Phantom,gamma,8.45521,0.834224,-40.9089
99,Scint1,gamma,8.45521,0.834224,-40.9089
99,DWC1,gamma,8.45521,0.834224,-40.9089
99,DWC2,gamma,8.45521,0.834224,-40.9089
99,Scint2,gamma,8.45521,0.834224,-40.9089
99,Phantom,gamma,2.50097,1.13272,-47.663
99,Scint1,gamma,2.50097,1.13272,-47.663
99,DWC1,gamma,2.50097,1.13272,-47.663
99,DWC2,gamma,2.50097,1.13272,-47.663
99,Scint2,gamma,2.50097,1.13272,-47.663
99,Phantom,gamma,5.00168,1.78272,-40.9516
99,Scint1,gamma,0.105515,6.06165,-85.8625
99,DWC1,gamma,0.105515,6.06165,-85.8625
99,DWC2,gamma,0.105515,6.06165,-85.8625
99,Scint1,gamma,0.0200773,11.9534,121.827
99,Collimator,gamma,4.91205,15.8065,-27.7117
99,Collimator,gamma,0.307971,11.3578,-83.4529
99,Phantom,gamma,2.04017,1.16835,-68.2969
99,Scint1,gamma,2.04017,1.16835,-68.2969
99,DWC1,gamma,2.04017,1.16835,-68.2969
99,DWC2,gamma,2.04017,1.16835,-68.2969
99,Scint2,gamma,2.04017,1.16835,-68.2969
99,Phantom,gamma,4.56639,1.2027,-70.8288
99,Scint1,gamma,4.56639,1.2027,-70.8288
99,DWC1,gamma,4.56639,1.2027,-70.8288
99,DWC2,gamma,4.56639,1.2027,-70.8288
99,Scint2,gamma,4.56639,1.2027,-70.8288
99,Phantom,gamma,8.57527,1.15125,-52.4365
99,Scint1,gamma,8.57527,1.15125,-52.4365
99,DWC1,gamma,8.57527,1.15125,-52.4365
99,DWC2,gamma,8.57527,1.15125,-52.4365
99,Scint2,gamma,8.57527,1.15125,-52.4365
99,Collimator,gamma,2.01334,84.8562,102.47
99,Collimator,gamma,0.781557,75.7641,101.16
99,Collimator,gamma,0.38585,78.5632,142.496
99,Collimator,gamma,0.155893,107.238,-54.5942
99,Phantom,gamma,5.28921,1.27327,107.65
99,Scint1,gamma,5.28921,1.27327,107.65
99,DWC1,gamma,5.28921,1.27327,107.65
99,DWC2,gamma,5.28921,1.27327,107.65
99,Scint2,gamma,5.28921,1.27327,107.65
99,Phantom,gamma,1.05058,1.74169,-85.2295
99,Scint1,gamma,1.05058,1.74169,-85.2295
99,DWC1,gamma,1.05058,1.74169,-85.2295
99,DWC2,gamma,1.05058,1.74169,-85.2295
99,Scint2,gamma,1.05058,1.74169,-85.2295
99,Collimator,gamma,0.510999,81.442,-44.048
99,Collimator,gamma,0.510999,107.036,-59.6373
99,Collimator,gamma,0.476823,72.6128,-73.7497
99,Phantom,gamma,2.39334,14.6098,30.3741
99,Collimator,gamma,0.510999,98.0451,-48.052
99,Phantom,gamma,3.14953,7.04099,-129.453
99,Scint1,gamma,3.14953,7.04099,-129.453
99,DWC1,gamma,3.14953,7.04099,-129.453
99,DWC2,gamma,3.14953,7.04099,-129.453
99,Collimator,gamma,0.394754,5.15614,112.575
99,Collimator,gamma,0.208702,4.58694,12.535
99,Collimator,gamma,3.08645,115.364,-20.9225
99,Phantom,gamma,7.86034,0.806469,-176.801
99,Scint1,gamma,7.86034,0.806469,-176.801
99,DWC1,gamma,7.86034,0.806469,-176.801
99,DWC2,gamma,7.86034,0.806469,-176.801
99,Scint2,gamma,7.86034,0.806469,-176.801
99,Phantom,gamma,3.35872,1.1867,165.838
99,Scint1,gamma,3.35872,1.1867,165.838
99,DWC1,gamma,3.35872,1.1867,165.838
99,DWC2,gamma,3.35872,1.1867,165.838
99,Scint2,gamma,3.35872,1.1867,165.838
99,Phantom,gamma,5.49963,0.161522,-176.121
99,Scint1,gamma,5.49963,0.161522,-176.121
99,DWC1,gamma,5.49963,0.161522,-176.121
99,DWC2,gamma,5.49963,0.161522,-176.121
99,Scint2,gamma,5.49963,0.161522,-176.121
99,Phantom,gamma,5.3219,0.480161,-82.0462
99,Scint1,gamma,5.3219,0.480161,-82.0462
99,DWC1,gamma,5.3219,0.480161,-82.0462
99,DWC2,gamma,5.3219,0.480161,-82.0462
99,Scint2,gamma,5.3219,0.480161,-82.0462
99,Collimator,gamma,0.504615,16.8615,-53.0667
99,Phantom,gamma,0.403906,16.7891,145.611
99,DWC1,gamma,0.403906,16.7891,145.611
99,Phantom,gamma,11.2988,14.7051,-72.9435
99,Phantom,gamma,6.71777,8.17803,-44.5449
99,DWC1,gamma,6.71777,8.17803,-44.5449
99,Collimator,gamma,1.50944,101.623,174.795
99,Collimator,gamma,5.98997,7.84556,-3.27517
99,Collimator,gamma,12.5504,8.58011,-1.35667
99,Collimator,gamma,0.681336,6.38558,-7.501
99,Phantom,gamma,2.05078,2.13424,9.24478
99,Scint1,gamma,2.05078,2.13424,9.24478
99,DWC1,gamma,2.05078,2.13424,9.24478
99,DWC2,gamma,2.05078,2.13424,9.24478
99,Scint2,gamma,2.05078,2.13424,9.24478
99,Phantom,gamma,0.466006,1.04417,-36.8018
99,Scint1,gamma,0.466006,1.04417,-36.8018
99,DWC1,gamma,0.466006,1.04417,-36.8018
99,DWC2,gamma,0.466006,1.04417,-36.8018
99,Scint2,gamma,0.466006,1.04417,-36.8018
99,Phantom,gamma,0.658941,1.5078,12.0804
99,Phantom,gamma,3.2926,0.970083,-27.9294
99,Scint1,gamma,3.2926,0.970083,-27.9294
99,DWC1,gamma,3.2926,0.970083,-27.9294
99,DWC2,gamma,3.2926,0.970083,-27.9294
99,Scint2,gamma,3.2926,0.970083,-27.9294
99,Phantom,gamma,10.3091,0.923957,-44.3851
99,Scint1,gamma,10.3091,0.923957,-44.3851
99,DWC1,gamma,10.3091,0.923957,-44.3851
99,DWC2,gamma,10.3091,0.923957,-44.3851
99,Scint2,gamma,10.3091,0.923957,-44.3851
99,Phantom,gamma,1.5352,0.852205,-83.6423
99,Scint1,gamma,1.5352,0.852205,-83.6423
99,DWC1,gamma,1.5352,0.852205,-83.6423
99,DWC2,gamma,1.5352,0.852205,-83.6423
99,Scint2,gamma,1.5352,0.852205,-83.6423
99,Phantom,gamma,5.71712,0.845881,-64.3212
99,Scint1,gamma,5.71712,0.845881,-64.3212
99,DWC1,gamma,5.71712,0.845881,-64.3212
99,DWC2,gamma,5.71712,0.845881,-64.3212
99,Scint2,gamma,5.71712,0.845881,-64.3212
99,Phantom,gamma,2.28229,0.447086,-63.8327
99,Scint1,gamma,2.28229,0.447086,-63.8327
99,DWC1,gamma,2.28229,0.447086,-63.8327
99,DWC2,gamma,2.28229,0.447086,-63.8327
99,Scint2,gamma,2.28229,0.447086,-63.8327
99,Phantom,gamma,4.37365,0.560532,-95.9784
99,Scint1,gamma,4.37365,0.560532,-95.9784
99,DWC1,gamma,4.37365,0.560532,-95.9784
99,DWC2,gamma,4.37365,0.560532,-95.9784
99,Scint2,gamma,4.37365,0.560532,-95.9784
